ont_id,splitter_id,serial,rx_power,tx_power,distance_km,status
1,92,ONT_SN_0001,-23.906878824211972,0.5815082121849455,16.210544584910366,degraded
2,41,ONT_SN_0002,-17.057900911703342,0.8279989619789945,14.149983164781702,offline
3,100,ONT_SN_0003,-21.172497429060122,1.3772144329790768,4.332810790513046,online
4,64,ONT_SN_0004,-14.603506266820801,1.9496531197481166,17.575038037898626,online
5,27,ONT_SN_0005,-24.299563449238526,1.6865572966203575,12.112102045421782,degraded
6,63,ONT_SN_0006,-13.819782003139137,1.8005883717469078,0.4845702793340343,online
7,17,ONT_SN_0007,-17.133012428857498,1.4585578571525746,4.820818678928385,online
8,73,ONT_SN_0008,-25.943188598997622,1.7314840438844856,4.9146254085825225,online
9,33,ONT_SN_0009,-20.538917484334704,1.1580348756293244,1.5258012212597207,online
10,84,ONT_SN_0010,-12.456673468966775,1.4403651853933301,17.288929369943943,online
11,77,ONT_SN_0011,-11.386715827627274,1.9885581311899112,8.76511871399385,online
12,92,ONT_SN_0012,-19.617397798261365,2.243665557946242,16.15591837348231,offline
13,29,ONT_SN_0013,-19.344934394396674,1.3673106679127778,6.003214410969921,degraded
14,13,ONT_SN_0014,-11.467814951092578,0.5873233154147224,2.5166341966610397,offline
15,46,ONT_SN_0015,-17.43277196554179,0.8233450882936053,8.695749145339986,online
16,35,ONT_SN_0016,-27.40875993561811,0.5417222785830762,2.3170324344434134,online
17,6,ONT_SN_0017,-11.570509668175681,1.8065260384746602,8.902474402702458,degraded
18,82,ONT_SN_0018,-23.531924030371265,1.1646292507102178,16.589260107583517,offline
19,69,ONT_SN_0019,-17.602624826352148,1.584957271438735,9.517596110465565,degraded
20,47,ONT_SN_0020,-25.020760286296472,1.4865536935675991,11.212045166042978,offline
21,25,ONT_SN_0021,-27.39017511556129,0.6630529791048534,3.072500334436407,online
22,66,ONT_SN_0022,-22.393482919610367,1.3065227222476636,1.07412057807546,degraded
23,10,ONT_SN_0023,-13.951077264170422,0.9411222498446465,2.2613009305825846,degraded
24,56,ONT_SN_0024,-23.003430892670472,1.3367995773353054,10.894008889613273,online
25,30,ONT_SN_0025,-24.038250146540253,0.9071565606844854,1.9817070721637924,degraded
26,5,ONT_SN_0026,-24.171745881857927,2.180904812553867,6.955074151961211,offline
27,33,ONT_SN_0027,-18.726873716677375,0.8483866731565073,10.036627346109361,offline
28,65,ONT_SN_0028,-10.440256317710386,2.421561102973954,7.1791545357482915,offline
29,18,ONT_SN_0029,-19.738198215693764,1.3318147322938816,3.197203285935836,offline
30,96,ONT_SN_0030,-17.968503359979138,2.1924905840380986,5.146106142999685,online
31,49,ONT_SN_0031,-12.508623677966789,1.7575296364118902,16.731220331419813,degraded
32,11,ONT_SN_0032,-18.368745059194147,1.9707005973315053,12.26488627787849,offline
33,85,ONT_SN_0033,-24.679668314460592,2.0354477761335605,9.080046744633993,online
34,26,ONT_SN_0034,-22.607273588203412,1.5096897637860356,0.5250535527680152,degraded
35,63,ONT_SN_0035,-22.421135327165004,1.5866010467265768,17.86575258866362,degraded
36,89,ONT_SN_0036,-20.848273921763237,1.52799173561745,12.184752347635186,online
37,86,ONT_SN_0037,-20.317799703938512,1.6761167561801584,5.909527849005525,online
38,59,ONT_SN_0038,-13.603923602663151,0.5587888915130146,15.863055281961737,offline
39,27,ONT_SN_0039,-21.711034017112006,1.2910303396980305,4.87423967916518,degraded
40,49,ONT_SN_0040,-19.571827088055173,1.712377427122343,9.929093451534703,degraded
41,77,ONT_SN_0041,-16.750432233081057,1.6954471305117287,11.558452518017903,online
42,33,ONT_SN_0042,-21.200932946076954,2.085912189211263,4.212821674730994,degraded
43,98,ONT_SN_0043,-12.941833360738007,1.810018677664217,17.61763183477055,offline
44,99,ONT_SN_0044,-17.425835123786662,2.4842666326813445,13.542996735828257,degraded
45,1,ONT_SN_0045,-22.707195774022512,1.06770905721729,10.173294091545937,online
46,21,ONT_SN_0046,-15.146934403783092,1.218302059332463,3.4965243877028254,online
47,55,ONT_SN_0047,-18.502340857393854,1.2676943037355926,1.2532902638650625,offline
48,6,ONT_SN_0048,-18.379793957369557,1.431625614040497,5.965059035621407,offline
49,92,ONT_SN_0049,-19.340416929023455,2.171996127562419,13.63141584566723,degraded
50,81,ONT_SN_0050,-19.05378492121752,0.9715841879184197,5.067163979945843,degraded
51,69,ONT_SN_0051,-14.223586940807667,2.052000414070859,9.85014510277044,online
52,95,ONT_SN_0052,-26.14633337203632,1.3106203661714868,13.184665028134154,offline
53,5,ONT_SN_0053,-21.98146939641132,1.703710767324017,2.2106037492424186,offline
54,3,ONT_SN_0054,-26.640939451529995,1.7650810664526122,12.429774885250959,offline
55,53,ONT_SN_0055,-14.441568026545884,1.245697274377869,1.9261147124677913,degraded
56,23,ONT_SN_0056,-23.09856661503461,1.5252304104116103,17.38279643564784,offline
57,53,ONT_SN_0057,-11.846252623260085,1.326062349295394,8.944576102149432,online
58,37,ONT_SN_0058,-18.52158760013271,0.6382655723732389,2.9669671064648293,online
59,74,ONT_SN_0059,-13.586504113249822,1.374330777633653,6.360190357793773,degraded
60,74,ONT_SN_0060,-10.379234158912698,0.6947867851071043,7.617471152526127,degraded
61,83,ONT_SN_0061,-12.88380052978173,1.310041598160643,13.719874696054712,offline
62,17,ONT_SN_0062,-12.394112319792576,1.6858367996635637,13.458601013555985,degraded
63,85,ONT_SN_0063,-20.656279083432796,1.6588297986870015,11.13134694447076,online
64,78,ONT_SN_0064,-18.068993285331885,1.8252425580166407,2.174973612285325,offline
65,73,ONT_SN_0065,-23.43000584722052,0.6905230159092526,2.9827778771018223,online
66,1,ONT_SN_0066,-24.46996420551785,1.8042464910608758,1.9594974954263522,offline
67,51,ONT_SN_0067,-18.90085817609139,1.1242961133928941,10.515958264189637,degraded
68,45,ONT_SN_0068,-17.28911836539243,1.2980918922742222,15.825350414751851,offline
69,77,ONT_SN_0069,-21.89311757386856,2.2159725078454118,7.97826906690946,offline
70,4,ONT_SN_0070,-17.750016680256994,0.5180608082591005,3.1470126790521076,online
71,62,ONT_SN_0071,-12.025711314756947,1.676825266681211,10.177349155136717,online
72,65,ONT_SN_0072,-17.979011473899412,1.6974279602002151,14.668014238523064,offline
73,32,ONT_SN_0073,-15.02536426641088,1.293319552687124,13.42830348877886,degraded
74,34,ONT_SN_0074,-13.504330587557709,0.9740557142166724,15.901678800247879,degraded
75,92,ONT_SN_0075,-10.202881924802028,0.9693480765231022,5.21886712130496,online
76,95,ONT_SN_0076,-17.142446760814366,2.2674193393215054,3.732983450639615,degraded
77,72,ONT_SN_0077,-13.476697318673452,1.384048747565715,15.872751801172315,online
78,39,ONT_SN_0078,-10.672312266012256,1.1617787259783439,11.938817536171008,degraded
79,26,ONT_SN_0079,-11.000624939609079,1.397555147662806,5.803442061133708,offline
80,34,ONT_SN_0080,-25.460526722001156,1.8387808029187227,13.439560495133414,online
81,54,ONT_SN_0081,-20.684938451076604,0.7915131364895034,14.727595405302512,online
82,3,ONT_SN_0082,-22.168178900077606,1.3988676704274754,11.185114854038043,offline
83,50,ONT_SN_0083,-26.435349730893712,1.6757687422207739,12.475548744874498,online
84,12,ONT_SN_0084,-16.60166605160271,2.3971667097028675,6.942100308635194,degraded
85,65,ONT_SN_0085,-14.753716962471959,1.0050555641508385,9.834913311971793,degraded
86,54,ONT_SN_0086,-12.733694281596097,1.2185014958324911,9.577617321853072,online
87,5,ONT_SN_0087,-25.790015986071246,1.2587171798448475,15.310445903014662,degraded
88,94,ONT_SN_0088,-12.224006634244711,1.7110763152897657,15.16736245099463,online
89,94,ONT_SN_0089,-16.42733985494344,1.2134641060800033,15.038444307442665,offline
90,57,ONT_SN_0090,-15.32896956750683,1.5670238505993912,0.49525957244564456,online
91,17,ONT_SN_0091,-11.608767936274528,2.063580659690059,13.566955075099322,offline
92,47,ONT_SN_0092,-16.75429712122148,1.9107711882244072,13.728572104964787,degraded
93,23,ONT_SN_0093,-21.95441457130297,1.3927372930251711,12.307305164536011,offline
94,79,ONT_SN_0094,-13.148068034392123,2.228432355348338,13.685884444678711,degraded
95,85,ONT_SN_0095,-21.46493418048837,1.6162804991877258,15.202875575491744,online
96,14,ONT_SN_0096,-27.383894005230477,1.579811679004425,8.624647257601607,degraded
97,66,ONT_SN_0097,-13.048218881825505,0.5683755318783164,9.186288778745515,online
98,75,ONT_SN_0098,-21.78654139213704,2.473385960714323,2.5074388073316114,online
99,51,ONT_SN_0099,-14.070978582375876,0.7459416170592534,7.121153129938303,offline
100,38,ONT_SN_0100,-21.47035789601298,0.9622618248552932,11.687563684438583,offline
101,64,ONT_SN_0101,-12.50077564045501,0.6033936744830539,14.11307603780676,offline
102,98,ONT_SN_0102,-24.048810548542743,1.7800059336738274,4.144601029134427,offline
103,38,ONT_SN_0103,-10.458149226420343,0.94940235394536,2.7394653151184665,degraded
104,50,ONT_SN_0104,-13.964342053815447,0.860020874945447,12.035843479658713,degraded
105,98,ONT_SN_0105,-25.943717333432858,0.6771111684464828,0.33327393839091835,degraded
106,82,ONT_SN_0106,-17.81602084060191,0.7066179142480313,3.4571947422397376,online
107,30,ONT_SN_0107,-10.263388379648777,1.6693414008851775,0.8145634320879811,degraded
108,79,ONT_SN_0108,-19.520821851511343,1.8764157317331909,3.253866586031215,degraded
109,91,ONT_SN_0109,-24.722071501211502,1.294757976928802,3.5093512546814423,degraded
110,51,ONT_SN_0110,-19.273989391293767,1.4597941631841465,7.1618226270819765,offline
111,63,ONT_SN_0111,-18.775762194125413,1.8719354719659682,7.42119010695204,degraded
112,98,ONT_SN_0112,-14.64963500388402,0.5347595803709593,15.774445729801208,online
113,52,ONT_SN_0113,-15.420774643103721,1.146261314140557,9.328941911229206,offline
114,38,ONT_SN_0114,-20.75409921525435,2.446195496140693,13.104264351337468,online
115,97,ONT_SN_0115,-24.075584065106444,1.660224459390936,2.1432312351890874,degraded
116,88,ONT_SN_0116,-16.389024980152072,1.0084491597949865,4.290265971707381,offline
117,79,ONT_SN_0117,-20.409329178040927,1.5434600932724263,12.74209890532258,online
118,30,ONT_SN_0118,-25.619028199744054,1.1853069762418307,1.2346301002929472,degraded
119,51,ONT_SN_0119,-11.789698577745057,1.5644899776525982,8.91277862171443,online
120,81,ONT_SN_0120,-15.558006563026222,0.7514830236132977,10.908830692233929,online
121,5,ONT_SN_0121,-15.702690583981335,0.7654293076385548,10.957977899728915,online
122,29,ONT_SN_0122,-13.19349023358987,0.7870847240787857,0.7059107594443439,degraded
123,4,ONT_SN_0123,-18.466089784208542,2.3796395838536837,6.001311674856583,degraded
124,10,ONT_SN_0124,-13.329020288755771,1.9657978366826836,11.565884523570027,online
125,56,ONT_SN_0125,-19.034366436801896,0.8247637893246418,2.937295329841609,offline
126,17,ONT_SN_0126,-26.79084280151722,0.8766981675312029,12.608856975406542,offline
127,74,ONT_SN_0127,-20.705534415501603,1.9616589497417527,13.50287619600204,degraded
128,17,ONT_SN_0128,-19.04563190836197,0.8123276895843479,17.68085467089677,degraded
129,84,ONT_SN_0129,-15.036353530618676,0.9691225866696573,4.014203308958447,degraded
130,88,ONT_SN_0130,-26.081582857683863,2.426693665640798,14.904812817690239,degraded
131,69,ONT_SN_0131,-25.479666304111916,1.0106130494568637,9.509249411460177,degraded
132,34,ONT_SN_0132,-23.253691552576903,1.8232647007422935,6.91028795175187,offline
133,6,ONT_SN_0133,-23.20302891932412,2.457262574801061,2.4660686046556495,degraded
134,53,ONT_SN_0134,-14.820677587736878,1.2485935342795853,13.318449234829416,online
135,66,ONT_SN_0135,-23.48684810989124,0.5350319817241245,4.4746795048432615,online
136,77,ONT_SN_0136,-16.604234859565942,0.9882945808447485,6.874169433152909,offline
137,43,ONT_SN_0137,-19.103070697511114,2.161754382683411,1.4069974160834213,online
138,75,ONT_SN_0138,-17.68070119277079,2.2292176719100736,14.484194410005486,offline
139,23,ONT_SN_0139,-12.914074662790675,2.037038729047582,13.868616874298088,offline
140,55,ONT_SN_0140,-20.721132972117562,0.726219638153146,13.285000191748932,online
141,80,ONT_SN_0141,-14.123595212843131,2.0910207433928063,5.600150135706394,degraded
142,95,ONT_SN_0142,-20.403350928087626,2.3373555939870085,3.370597314507443,online
143,75,ONT_SN_0143,-21.63031522189751,1.7012190850924722,11.584692781123067,online
144,16,ONT_SN_0144,-10.74471080836203,2.38175071267613,9.082144998803985,offline
145,8,ONT_SN_0145,-24.68132342777866,2.153677767423755,3.4550686642121557,online
146,4,ONT_SN_0146,-26.37393470960306,1.8339430339818146,12.440629497582588,offline
147,4,ONT_SN_0147,-14.122253340361386,1.6543704734234963,17.842937843237074,degraded
148,56,ONT_SN_0148,-26.771505303626352,1.197147334483941,13.525786703034067,degraded
149,25,ONT_SN_0149,-12.932578167345472,0.8185748904856103,13.397759044335329,degraded
150,67,ONT_SN_0150,-20.130518865569616,1.7099078453810816,17.120535726871474,online
151,96,ONT_SN_0151,-11.520753808745546,1.136223107236239,3.891973706075768,offline
152,67,ONT_SN_0152,-15.012408499805698,2.232877335055291,10.310234379109495,degraded
153,27,ONT_SN_0153,-17.012715993856766,2.486673874717257,17.639746856099737,offline
154,93,ONT_SN_0154,-10.912477652960217,2.004855525231145,3.225705764172089,offline
155,32,ONT_SN_0155,-20.860311285063023,0.6809633905741015,12.694459682168022,degraded
156,50,ONT_SN_0156,-10.826435142286606,1.0773711910612762,10.668839583702665,degraded
157,61,ONT_SN_0157,-25.569977006418277,0.7182192635314995,10.680679931740114,offline
158,51,ONT_SN_0158,-19.29241104521657,1.8010232955834315,12.64877010710533,degraded
159,19,ONT_SN_0159,-23.14159799694049,2.0303817291115696,16.75421953489961,offline
160,21,ONT_SN_0160,-18.28282997965252,2.3513496617614233,14.151700335368682,offline
161,5,ONT_SN_0161,-25.083750197951478,1.3763446928239753,1.293609030466917,degraded
162,82,ONT_SN_0162,-12.852466114419219,2.3027512991768884,15.393285951800088,online
163,92,ONT_SN_0163,-12.764658712337969,2.2557823180826553,4.2920815396854675,degraded
164,42,ONT_SN_0164,-10.805746370977378,1.1343914335307972,6.971380715833783,online
165,61,ONT_SN_0165,-25.215901464101748,2.237801251081142,8.472670800939165,offline
166,22,ONT_SN_0166,-16.780014083710167,1.251344503763453,8.812036213329334,offline
167,21,ONT_SN_0167,-19.463728443393347,1.0937385491205616,8.002693066819814,online
168,70,ONT_SN_0168,-21.801092823203803,1.7981493175887862,16.8911533076208,offline
169,1,ONT_SN_0169,-21.67227709958406,1.1567624557701621,12.796536435653236,online
170,5,ONT_SN_0170,-20.569716089078458,1.7604174966582884,11.471720433433703,online
171,12,ONT_SN_0171,-15.311340105598845,1.719663610997389,1.1822038917580655,offline
172,90,ONT_SN_0172,-17.230850951173217,1.6268778546969176,16.29926594560863,online
173,46,ONT_SN_0173,-19.72573277029964,1.2608394084655954,16.396206398548614,degraded
174,34,ONT_SN_0174,-26.633198613346803,1.5969994433029535,14.109771222712812,degraded
175,49,ONT_SN_0175,-26.60022380657877,1.6929709499708432,0.42441690750105904,offline
176,78,ONT_SN_0176,-27.957890968735992,1.5913737769909468,1.3138604440739334,offline
177,90,ONT_SN_0177,-10.581411012272444,1.388838905502403,4.2864595301522685,online
178,45,ONT_SN_0178,-27.905431265949073,0.5293341140925276,2.624884524164848,online
179,27,ONT_SN_0179,-26.144312571752593,1.674123415402302,7.35939772575601,online
180,73,ONT_SN_0180,-22.337261977430604,0.8368887702854393,16.630428128153877,online
181,26,ONT_SN_0181,-13.466255467298298,1.7851519378943792,8.655469685286869,degraded
182,47,ONT_SN_0182,-10.682221856245881,2.018688655845732,0.5372264878493312,degraded
183,86,ONT_SN_0183,-13.77975594174659,1.500890618261483,5.3045987055440875,offline
184,56,ONT_SN_0184,-15.569915815978469,1.5847273299594766,1.0893298782014191,online
185,94,ONT_SN_0185,-18.61658798655575,2.4029571193319823,0.9422909202589882,online
186,63,ONT_SN_0186,-26.439306186480696,2.1943347227451486,5.180241399791274,offline
187,48,ONT_SN_0187,-10.752925725929252,2.3284730319029396,5.178338394617334,online
188,61,ONT_SN_0188,-14.348936548977733,2.127532576639173,14.232140866048391,online
189,81,ONT_SN_0189,-16.498911063983286,0.7178366836934629,17.55457335422568,online
190,26,ONT_SN_0190,-14.337354780300704,0.7979837119403894,6.870365561852969,online
191,36,ONT_SN_0191,-14.966140073083505,1.5532475945379192,7.891297755840383,online
192,1,ONT_SN_0192,-16.529831563789237,0.9921393175959965,15.252773022262579,offline
193,8,ONT_SN_0193,-10.349617596760211,1.4533909500823183,5.046060655690586,online
194,99,ONT_SN_0194,-11.73945137255155,1.2887306476367004,3.0679579379410287,offline
195,52,ONT_SN_0195,-16.36003145589106,1.5988284768609067,15.399686334244613,online
196,79,ONT_SN_0196,-15.522846193775354,1.9937514322716454,1.1230603799891592,degraded
197,47,ONT_SN_0197,-27.07127548014322,1.9309818141985489,11.268680091529658,degraded
198,56,ONT_SN_0198,-15.941485638099294,1.5424682649706687,10.24727340016248,degraded
199,86,ONT_SN_0199,-27.205022121218196,2.144786837634116,6.422791920779988,degraded
200,14,ONT_SN_0200,-17.41125237454124,1.3617241830760667,5.878854523423254,offline
201,90,ONT_SN_0201,-10.011637007814972,2.2934285796802447,13.961881753414698,offline
202,28,ONT_SN_0202,-17.995481534130768,0.6425605401103278,1.8297156104970727,online
203,87,ONT_SN_0203,-19.482217874535998,2.409320060066615,4.491082274811521,degraded
204,78,ONT_SN_0204,-22.368612582899424,1.8093861628626964,13.26434255353419,offline
205,88,ONT_SN_0205,-25.83059358184364,1.2601490178744106,10.00527433195771,online
206,2,ONT_SN_0206,-14.841573913750931,0.8943082531457547,2.5653912910444787,online
207,26,ONT_SN_0207,-24.53321749985865,1.4583664588871998,15.913800372792464,offline
208,14,ONT_SN_0208,-25.92492361754888,0.889116646370602,7.26402688417557,degraded
209,59,ONT_SN_0209,-20.408272124850775,0.8326632154862843,14.953270243202459,online
210,56,ONT_SN_0210,-13.683846916736247,1.7347035148259484,14.242520374840444,degraded
211,7,ONT_SN_0211,-14.588838133836033,1.5461694491635694,11.352330402549587,degraded
212,3,ONT_SN_0212,-27.01211293636345,1.8401920692218834,9.052316023923145,degraded
213,23,ONT_SN_0213,-19.807413669349188,2.3592117548439786,17.638049874757098,online
214,18,ONT_SN_0214,-18.59617763071896,1.5645204266780803,2.8658817811227615,degraded
215,38,ONT_SN_0215,-16.398160288735202,1.6618641065255955,13.135256377654732,online
216,99,ONT_SN_0216,-16.296987692021894,0.6792526783098842,3.684075415926765,degraded
217,15,ONT_SN_0217,-21.435449509768496,1.935271571817259,6.287256964382566,online
218,64,ONT_SN_0218,-17.907810507936748,1.2998104136083124,5.763967757705555,degraded
219,89,ONT_SN_0219,-19.340886090806443,2.4534504773251578,17.0625369829754,offline
220,28,ONT_SN_0220,-12.07002958258094,2.1463480311913203,17.42220434685247,degraded
221,74,ONT_SN_0221,-18.455227612571797,1.5449620810322366,3.53937336295467,degraded
222,39,ONT_SN_0222,-20.06142108853309,0.7464453083443321,0.6900223372658241,online
223,57,ONT_SN_0223,-20.719261905726686,2.218831586561178,13.044142302037102,online
224,17,ONT_SN_0224,-17.696300330197616,2.0995621908480433,7.698421829507573,degraded
225,86,ONT_SN_0225,-13.528414370783842,0.869170259074066,1.8724723380498896,offline
226,90,ONT_SN_0226,-18.308773173145823,1.0905565784406202,12.402447668713654,offline
227,44,ONT_SN_0227,-16.090206848550253,2.0868145162956746,9.948367850214385,online
228,25,ONT_SN_0228,-14.71859619568255,0.8704568930948193,17.655147749419577,offline
229,17,ONT_SN_0229,-18.636974022182827,2.3355049783427546,4.325148076746407,degraded
230,13,ONT_SN_0230,-20.317292980212443,1.3490548503927238,7.450408410979904,online
231,84,ONT_SN_0231,-12.220023198475909,0.6740779251753173,9.903060720098987,degraded
232,25,ONT_SN_0232,-20.484890487497943,2.131497287008562,14.313089795624325,online
233,68,ONT_SN_0233,-19.685028689639424,1.2470193660767752,10.01444422394504,online
234,10,ONT_SN_0234,-10.173856359848013,1.552998388307562,11.148332847256501,online
235,67,ONT_SN_0235,-27.99572457563408,0.7246086888224383,4.302802813141951,online
236,18,ONT_SN_0236,-24.661487627618996,0.5051680296899648,15.290461487167509,offline
237,100,ONT_SN_0237,-21.088649981444938,1.7759704115865953,7.88676068137742,degraded
238,86,ONT_SN_0238,-11.213381630345449,1.5303503406674632,2.7949854071353157,degraded
239,34,ONT_SN_0239,-26.73946529654552,1.6870771382462943,12.056126086745888,degraded
240,8,ONT_SN_0240,-27.829262194687036,2.0874877007610326,4.124801021379943,online
241,40,ONT_SN_0241,-27.051690952409885,1.7932118268457202,2.0268564312356054,offline
242,83,ONT_SN_0242,-26.406218608954873,0.8495468856547543,15.55716827875562,degraded
243,42,ONT_SN_0243,-27.323258082287303,1.2215450382211996,8.444872081445382,offline
244,41,ONT_SN_0244,-19.363936116582913,2.3117822095755205,13.562321714715242,online
245,6,ONT_SN_0245,-17.546370269908103,2.039889400503358,5.443399808572485,degraded
246,52,ONT_SN_0246,-23.109634520757925,1.6132741158734345,14.229371388042694,offline
247,26,ONT_SN_0247,-20.83082708843856,1.0112899956185446,2.2812659082810867,online
248,64,ONT_SN_0248,-26.349411967994257,1.10412100366959,6.600728716168892,offline
249,98,ONT_SN_0249,-21.945331651088402,1.963916135171269,17.611694178131454,degraded
250,59,ONT_SN_0250,-18.594654550578582,2.2023485217055416,14.353617979713707,degraded
251,56,ONT_SN_0251,-14.819107470676387,1.8428493390612288,9.101429966569981,online
252,59,ONT_SN_0252,-27.939765483226374,2.1190599515368835,6.314061246645366,online
253,70,ONT_SN_0253,-19.588406202322254,2.033312270400812,15.736801890397835,online
254,33,ONT_SN_0254,-22.653948223812122,0.7994079359139155,9.943805335795927,offline
255,53,ONT_SN_0255,-12.649207209545775,1.347889625826604,13.724122816283266,offline
256,22,ONT_SN_0256,-15.120040325783645,0.8059676016571253,13.647705941596104,offline
257,21,ONT_SN_0257,-17.396046379523895,0.9704711696039696,0.6176385106623054,online
258,70,ONT_SN_0258,-23.009218377458076,2.2385192493021053,2.534691955429258,degraded
259,70,ONT_SN_0259,-11.613896162964384,1.4457839312663643,11.975439785186937,degraded
260,4,ONT_SN_0260,-27.188187810034183,1.5707162036853217,3.160670659759924,offline
261,94,ONT_SN_0261,-26.029583223775926,0.8568919304555442,4.822232200404203,offline
262,75,ONT_SN_0262,-20.95065747027359,1.124543572097592,17.055491789333047,degraded
263,62,ONT_SN_0263,-25.760123968656586,0.9604923368557399,10.21522597323594,degraded
264,62,ONT_SN_0264,-10.784517443930351,0.9123723290368528,13.587912273888445,offline
265,94,ONT_SN_0265,-13.6361922014191,1.7759215866319402,10.176259076452727,offline
266,95,ONT_SN_0266,-23.338312271167354,1.0137676952914296,10.079490981654237,degraded
267,24,ONT_SN_0267,-17.406023878481584,1.764030972040837,1.966488809224853,online
268,55,ONT_SN_0268,-10.318050728558532,0.6169092282171078,6.3828385091811235,offline
269,9,ONT_SN_0269,-12.084418393632948,0.7835487870542037,5.299026906751257,degraded
270,3,ONT_SN_0270,-17.185627964040435,1.0490805080002508,7.215892071360954,degraded
271,31,ONT_SN_0271,-11.732968590845132,1.6940938337913833,14.430692131570611,degraded
272,40,ONT_SN_0272,-10.19467162335954,1.851682490174752,6.883208222128507,degraded
273,36,ONT_SN_0273,-14.619649187914765,1.3854339335590542,8.295033700400785,online
274,24,ONT_SN_0274,-26.830244629307906,1.391581829154458,7.333650611590102,degraded
275,95,ONT_SN_0275,-20.771555744341228,1.9490337027972362,1.953321103962732,offline
276,6,ONT_SN_0276,-12.919136764901582,0.5316421835311649,8.106977201038871,online
277,66,ONT_SN_0277,-23.84975447550966,1.182180048948441,3.7622841328879155,degraded
278,84,ONT_SN_0278,-13.048434680488757,2.1374141142384655,3.6050023351828338,online
279,92,ONT_SN_0279,-25.833902283370072,1.7064388204267444,1.9644390484865144,offline
280,75,ONT_SN_0280,-27.154983571339365,1.1744542655108408,6.613076242309235,degraded
281,4,ONT_SN_0281,-21.086368993157507,2.3110495846593477,13.707429360772688,offline
282,79,ONT_SN_0282,-27.338825126320955,2.0452454548987653,5.19301792332611,degraded
283,6,ONT_SN_0283,-10.76913526630014,1.0297908944734668,5.82857910337359,degraded
284,94,ONT_SN_0284,-13.128297475708614,1.7905796750514338,11.675341440801898,degraded
285,51,ONT_SN_0285,-13.586145631662248,1.6915014563779134,3.7663823827884637,degraded
286,62,ONT_SN_0286,-16.663997386069244,1.3023758280779654,16.176155368496556,degraded
287,57,ONT_SN_0287,-24.106167585342035,1.2339121584096013,9.507372261552515,online
288,66,ONT_SN_0288,-18.67131339982494,1.187120949551408,8.22257204366784,degraded
289,79,ONT_SN_0289,-17.249066696253863,1.7343115667912936,10.173417397146865,degraded
290,75,ONT_SN_0290,-18.54943298451517,1.384819872961339,3.2388073474666594,online
291,8,ONT_SN_0291,-23.31579937687251,2.163726226502844,11.15847455391342,online
292,26,ONT_SN_0292,-18.725537362334933,1.8392052322679238,6.726883038421985,online
293,51,ONT_SN_0293,-19.158645864364722,0.6398632114188683,16.180198235073753,online
294,45,ONT_SN_0294,-10.065956035478962,1.7803364476563321,3.2887194581950445,online
295,44,ONT_SN_0295,-11.846149335168331,1.0422948730003696,9.274804538418307,online
296,5,ONT_SN_0296,-19.65914653211884,1.6856239833068454,10.886593539831619,degraded
297,70,ONT_SN_0297,-16.787127107167862,1.8602638622069028,0.8908897516189476,degraded
298,26,ONT_SN_0298,-14.538311126339886,0.9616583783080241,6.737368308183682,offline
299,68,ONT_SN_0299,-27.37242711579115,1.4137172897607373,13.267643654204742,degraded
300,19,ONT_SN_0300,-11.891414057898881,0.8806497256381356,14.820681881846827,degraded
301,84,ONT_SN_0301,-12.517717304477372,0.6046777515730166,5.842967308265897,online
302,97,ONT_SN_0302,-19.76622224007327,1.2569528469717381,14.435100921174698,online
303,20,ONT_SN_0303,-20.958944210553163,1.225888543691984,17.429279024729983,degraded
304,12,ONT_SN_0304,-23.086731252586333,2.490960981408514,15.466668668529167,offline
305,47,ONT_SN_0305,-19.41981709005337,1.3927047023952843,2.3822985904200555,online
306,1,ONT_SN_0306,-27.201220056401738,1.1671390989444008,13.393226877914069,degraded
307,90,ONT_SN_0307,-12.66051639975386,1.6609500134333492,5.958102934197641,degraded
308,14,ONT_SN_0308,-27.36239736846619,0.6775347882155369,17.794963012593755,offline
309,64,ONT_SN_0309,-22.077075423342322,2.423331471909626,8.890854001930002,offline
310,38,ONT_SN_0310,-11.231389210258182,1.7699200911820663,2.467080000953256,online
311,37,ONT_SN_0311,-14.76617221857785,2.0096756398816957,13.135784200084817,offline
312,11,ONT_SN_0312,-22.93496270960452,0.8409558763478351,6.0172982114359845,degraded
313,100,ONT_SN_0313,-23.45231630870407,1.3189557060104078,17.948283380345412,degraded
314,77,ONT_SN_0314,-27.908521483275532,1.345378226792379,17.64214950402504,offline
315,3,ONT_SN_0315,-15.477142728704496,2.1436128878021736,11.913572118964279,offline
316,33,ONT_SN_0316,-27.121895529882885,0.5024733595188189,2.5979281464454007,offline
317,6,ONT_SN_0317,-18.413154650786282,1.1017062167065101,12.457439658848015,offline
318,50,ONT_SN_0318,-10.681804493343105,2.462472748688608,1.9466396103424815,online
319,10,ONT_SN_0319,-26.02956051901983,1.4497730870124372,0.819745616112344,offline
320,5,ONT_SN_0320,-11.899361242574788,1.2650525604880165,14.866364498120303,online
321,23,ONT_SN_0321,-10.153443967389133,0.7396580040352927,4.01262717400116,degraded
322,10,ONT_SN_0322,-26.89269352769377,2.448329257256031,7.008780134078023,offline
323,44,ONT_SN_0323,-12.107687155525698,0.5400527118516489,17.530195802578266,online
324,2,ONT_SN_0324,-18.7105776320149,1.9743604500144862,6.262076882941527,offline
325,13,ONT_SN_0325,-11.682753049997558,2.0371996095770166,5.54786912871468,degraded
326,40,ONT_SN_0326,-17.716259045447664,0.9873134321277333,16.552281593323123,degraded
327,2,ONT_SN_0327,-16.081983818081838,1.8431168872260746,2.2602474821455583,degraded
328,84,ONT_SN_0328,-18.211979656046815,0.6858582887587799,13.744608659028982,offline
329,65,ONT_SN_0329,-12.439128154467728,1.0140945328641597,17.7887605297541,offline
330,63,ONT_SN_0330,-14.78962145883337,2.07580397658453,16.252939390711283,online
331,73,ONT_SN_0331,-18.617314380752532,2.2293723840670805,11.83452216110374,degraded
332,17,ONT_SN_0332,-12.373105527072155,1.7169728253195826,5.8588760713713555,offline
333,9,ONT_SN_0333,-23.584860419403977,1.5136768636409652,4.801499066856206,degraded
334,75,ONT_SN_0334,-25.16786812535453,0.8186080412379606,14.800815356224863,degraded
335,15,ONT_SN_0335,-25.1127981040587,0.6262180661583003,15.872847876945007,online
336,24,ONT_SN_0336,-21.987840182585717,0.7352980569471173,9.600197952058764,online
337,38,ONT_SN_0337,-23.703579436581684,0.9547146001921976,4.62481695192045,online
338,35,ONT_SN_0338,-11.258373690824705,1.1833490037938417,2.2990947888777717,online
339,94,ONT_SN_0339,-26.09498631108549,1.2618190510219744,1.8430765806234117,degraded
340,95,ONT_SN_0340,-15.418166715287422,1.192643537178007,13.027670818163244,online
341,49,ONT_SN_0341,-24.594012283869894,0.9781106643945312,7.736101482904732,online
342,69,ONT_SN_0342,-12.130531610133698,1.5194484935033963,16.324869774718305,online
343,62,ONT_SN_0343,-10.696324812671666,2.1505722164657937,13.392182022863718,online
344,60,ONT_SN_0344,-19.621539842140294,1.0594070769429584,3.6853093970881843,degraded
345,50,ONT_SN_0345,-12.17671335589363,2.3847740382044664,11.163860313037873,online
346,78,ONT_SN_0346,-27.907386926415136,2.2466733234476957,8.00844654284742,degraded
347,75,ONT_SN_0347,-13.240955486654197,0.8235284227042192,10.517320234604451,offline
348,9,ONT_SN_0348,-23.88474709255138,2.072551913514189,13.363823483091753,degraded
349,34,ONT_SN_0349,-11.643376433151378,1.6491747646355333,14.569667093767098,degraded
350,76,ONT_SN_0350,-27.97983799335803,1.6331507243428371,15.23415067739902,online
351,99,ONT_SN_0351,-17.988728769284375,1.2820855261163489,4.795355279924837,offline
352,35,ONT_SN_0352,-14.380555531871176,1.5023059983640195,0.8507461185372309,offline
353,1,ONT_SN_0353,-23.343610047437657,1.294357554858422,13.385516812416485,offline
354,40,ONT_SN_0354,-24.523608437428724,1.5794652375198857,2.18228395472721,offline
355,64,ONT_SN_0355,-26.486231959576276,1.7559001055452716,5.874076718449527,degraded
356,22,ONT_SN_0356,-22.124195622940725,1.8486076128180968,0.3675632740009444,offline
357,60,ONT_SN_0357,-17.92280237844107,1.5649623851188523,12.365549838508676,degraded
358,64,ONT_SN_0358,-25.91481057795536,1.9428441346574634,3.258236603040616,degraded
359,93,ONT_SN_0359,-21.21948348423762,0.7825560985510116,11.89849865154235,degraded
360,72,ONT_SN_0360,-27.83669671625095,0.9239649818044771,17.853844323870746,offline
361,11,ONT_SN_0361,-13.263770431002849,2.13747000814854,1.5862744274972882,online
362,14,ONT_SN_0362,-25.687923074322555,1.1450559556928304,1.6642808115408543,online
363,60,ONT_SN_0363,-22.89982693121953,0.5457876499522405,6.3247276402001456,offline
364,30,ONT_SN_0364,-27.668301062712086,0.8075822993360622,15.635041302248755,online
365,35,ONT_SN_0365,-20.219665889934777,0.9472288689926225,4.1148786776065736,online
366,85,ONT_SN_0366,-12.877812950658061,2.4146457757891744,6.678687412767151,degraded
367,37,ONT_SN_0367,-20.941278193986463,1.6460828578616986,1.5125456972975384,degraded
368,5,ONT_SN_0368,-24.769048178370998,2.3654614809525096,13.807848655282342,offline
369,83,ONT_SN_0369,-14.433420987090654,1.6503267009932499,7.527022266842284,offline
370,78,ONT_SN_0370,-13.801474326326604,1.4587088802757036,13.738702575176918,online
371,26,ONT_SN_0371,-24.8724374444638,1.127455382388192,16.29385884493827,degraded
372,62,ONT_SN_0372,-14.124626046262184,1.7127418888667512,4.419907703692811,offline
373,4,ONT_SN_0373,-10.948638011385917,0.7783960492350597,14.590909737017139,offline
374,89,ONT_SN_0374,-25.005203435219098,2.296523254585412,1.3459618543850829,offline
375,42,ONT_SN_0375,-14.12228273442156,2.158664810282567,16.20959877079038,offline
376,89,ONT_SN_0376,-15.245703917152671,1.135062895753474,11.81860329178983,offline
377,18,ONT_SN_0377,-19.475670008168407,2.4055950552025887,15.773813017248823,offline
378,40,ONT_SN_0378,-26.95743170994163,2.1504015348311363,0.30333467215149956,online
379,72,ONT_SN_0379,-26.65550048035863,1.8326137716700794,3.292734945301067,degraded
380,39,ONT_SN_0380,-12.656536134424343,0.7435238222505496,7.198741157448909,degraded
381,14,ONT_SN_0381,-10.177329290488352,1.4564680460961446,7.017201389732518,offline
382,32,ONT_SN_0382,-15.831059370638421,1.5122151096935017,4.313127777746138,degraded
383,51,ONT_SN_0383,-19.972750473814216,0.9651027167307602,7.0545313356494415,degraded
384,38,ONT_SN_0384,-16.343674418765666,0.6599307887186039,2.58062220240451,degraded
385,97,ONT_SN_0385,-17.300874533886184,2.0534472609433854,7.60587198800866,offline
386,23,ONT_SN_0386,-21.094979312698808,0.74407010424879,14.501671626118977,offline
387,63,ONT_SN_0387,-26.818729397667767,1.6885815011235494,8.779540116929317,degraded
388,15,ONT_SN_0388,-13.212766946666063,2.372898347767321,0.6186015743303053,degraded
389,97,ONT_SN_0389,-21.30699647370296,2.252210385196085,7.759559535952679,offline
390,25,ONT_SN_0390,-13.261858419572313,1.0555052474985223,0.7809977848079417,online
391,17,ONT_SN_0391,-23.454842505609122,2.2028972751025306,17.40250836951033,degraded
392,97,ONT_SN_0392,-27.981469362778597,0.5006650122409788,2.5559350817847806,online
393,66,ONT_SN_0393,-25.139110901018384,0.5353756192265144,12.826083376051951,degraded
394,78,ONT_SN_0394,-19.566290498165483,1.70510632768573,17.518140915189917,online
395,53,ONT_SN_0395,-11.002534570759064,1.229596438289059,14.920891214498322,online
396,51,ONT_SN_0396,-26.16051484551306,1.2729216823182943,12.677882139733805,online
397,39,ONT_SN_0397,-12.624224059691812,1.628882181357765,15.158458098163575,offline
398,51,ONT_SN_0398,-18.51356626818648,0.8835649111837212,17.677836870713108,online
399,70,ONT_SN_0399,-13.133426215601862,0.9235107013309567,11.297797601387474,online
400,6,ONT_SN_0400,-22.629260242180134,1.4692031740377294,10.19757108087908,online
401,67,ONT_SN_0401,-12.880951035895507,2.0085070886877263,11.41981455520008,degraded
402,7,ONT_SN_0402,-14.089189959697519,1.7389955028151753,9.728363195679524,online
403,51,ONT_SN_0403,-23.85903370543419,1.0947100964736778,11.541077174602023,degraded
404,72,ONT_SN_0404,-25.635967724631193,1.3606743550178424,8.2622070811143,online
405,42,ONT_SN_0405,-12.375022194418728,0.8413295170999968,4.166444337034536,online
406,64,ONT_SN_0406,-10.661740238077627,0.6492596286741634,2.4283759092566584,offline
407,15,ONT_SN_0407,-27.436558352544708,2.0653920814882984,1.509634558921009,degraded
408,29,ONT_SN_0408,-14.83713879447366,1.0307748183763892,4.960689372431641,online
409,33,ONT_SN_0409,-11.62855880293927,0.8555327757024964,1.116387088742489,degraded
410,94,ONT_SN_0410,-12.567518342335024,1.8832361111386386,10.338922804573125,degraded
411,27,ONT_SN_0411,-10.638631499136245,1.736103348574372,5.323763512316309,offline
412,36,ONT_SN_0412,-14.31830658811425,1.7663792520269281,14.894266103140469,offline
413,29,ONT_SN_0413,-20.038622277143617,0.9577892096932272,1.6140634518944401,offline
414,38,ONT_SN_0414,-22.384864171087653,0.965291077125362,4.306421449844301,offline
415,57,ONT_SN_0415,-22.226630672113707,0.9416052595712783,13.225356803495583,offline
416,97,ONT_SN_0416,-14.960391892945895,0.847505191324589,10.8989068459878,offline
417,27,ONT_SN_0417,-14.574933783442642,1.8114473451233126,1.4414955011102655,offline
418,55,ONT_SN_0418,-24.39353541612317,2.196031770498803,15.827138391770948,offline
419,33,ONT_SN_0419,-12.373789357170441,1.9486349393533224,15.827533202023378,online
420,68,ONT_SN_0420,-15.131367276359542,2.084187267521086,6.148221668601197,degraded
421,86,ONT_SN_0421,-17.870494845819113,1.3095968581703996,6.325183427287294,offline
422,66,ONT_SN_0422,-19.51241571815477,1.8081515907439962,17.805801942798077,offline
423,10,ONT_SN_0423,-18.221809495780754,1.208472480889549,11.383318237198546,degraded
424,5,ONT_SN_0424,-25.13357671097324,1.55100924393728,9.704302414054647,online
425,74,ONT_SN_0425,-24.333377513027063,1.4632696930697247,15.135293648869062,degraded
426,97,ONT_SN_0426,-26.35903917268855,0.8537742902877088,5.3496389889245,degraded
427,38,ONT_SN_0427,-25.234155313099972,1.2741575206712616,7.896531903115516,offline
428,13,ONT_SN_0428,-19.833514577104914,2.427644550964702,5.0396471561435146,degraded
429,31,ONT_SN_0429,-18.453620912891388,0.9971605154298842,14.268146984620547,degraded
430,47,ONT_SN_0430,-27.678485935390253,0.7676074725589774,10.448283417743358,offline
431,100,ONT_SN_0431,-13.657639098447504,1.3371612432478706,11.961203741479249,offline
432,88,ONT_SN_0432,-22.704976479817397,2.080675471720296,4.765838322157496,offline
433,52,ONT_SN_0433,-11.5869513707216,1.6642964595599445,4.197987834378477,offline
434,56,ONT_SN_0434,-10.584797254952,1.861949654476489,8.944230932998016,degraded
435,15,ONT_SN_0435,-24.66174025582022,0.8793896963493544,13.354913758943034,degraded
436,29,ONT_SN_0436,-19.68224876621811,1.737896386015443,9.596743708106835,online
437,8,ONT_SN_0437,-27.977826967004333,1.1470007898229475,0.8778284925583342,online
438,5,ONT_SN_0438,-17.230109227796316,2.1686067319095352,15.67336166186911,degraded
439,29,ONT_SN_0439,-17.06848393127192,1.7585976120214724,1.4449580152178287,online
440,47,ONT_SN_0440,-23.544280799139248,0.8977125555505918,17.218093361857314,degraded
441,68,ONT_SN_0441,-17.94857189350244,0.6292333596881723,0.7450126615077273,online
442,76,ONT_SN_0442,-23.940277436012764,0.5852664185740655,12.591773073513545,offline
443,45,ONT_SN_0443,-25.105141556592578,1.2428171353002815,1.7550650276985353,online
444,2,ONT_SN_0444,-16.272649597559237,1.031702273308627,16.41897545600197,offline
445,27,ONT_SN_0445,-22.133341648862654,1.792180246925016,8.520468281192107,offline
446,95,ONT_SN_0446,-17.375249100058795,1.4986676699572365,2.734170814261172,offline
447,36,ONT_SN_0447,-20.201558518510197,1.0320385560107614,6.332437886280284,offline
448,36,ONT_SN_0448,-10.28167466674773,0.7984755559003522,3.2173967536376877,online
449,26,ONT_SN_0449,-25.307548431983818,0.7543995253748992,3.319299834560493,degraded
450,43,ONT_SN_0450,-19.637225260555418,2.2293207842808354,17.081517267034528,offline
451,27,ONT_SN_0451,-15.751780725532146,0.9869559368097345,8.180856187440751,online
452,69,ONT_SN_0452,-20.880188490160563,1.8034212958219367,14.261800071124865,offline
453,20,ONT_SN_0453,-10.455402666327583,2.1213718559725327,11.62101843284497,online
454,11,ONT_SN_0454,-15.006022697315169,1.7281626223694722,12.272746613389543,online
455,74,ONT_SN_0455,-16.174290563839126,2.2191304632938915,2.6309738609550815,online
456,38,ONT_SN_0456,-14.37293318299798,1.284787443056949,4.445064708634096,degraded
457,6,ONT_SN_0457,-10.852324515303092,2.4124443812978966,14.225480932233534,online
458,72,ONT_SN_0458,-11.659264246276479,0.7662900083561939,17.48256185460366,online
459,23,ONT_SN_0459,-14.962864453724587,0.7042990593150762,4.949358873996135,degraded
460,47,ONT_SN_0460,-14.515090496176905,1.817384292414887,5.1067671360934055,degraded
461,90,ONT_SN_0461,-25.373402667367383,2.3856622828265235,8.670279250753016,online
462,46,ONT_SN_0462,-26.14973671913202,2.117766923272656,17.71397353754125,degraded
463,12,ONT_SN_0463,-17.723718966805045,0.6528337188761029,5.060573341128538,offline
464,90,ONT_SN_0464,-27.66938253507028,1.0587354278694328,7.50340280052647,offline
465,13,ONT_SN_0465,-19.31758513207135,2.3606377696756473,16.07919627653607,degraded
466,62,ONT_SN_0466,-24.213707561460364,1.006116865601569,0.3517022773981075,degraded
467,82,ONT_SN_0467,-21.77170178239289,2.0623408475738385,1.003857580297681,online
468,89,ONT_SN_0468,-14.03551475572679,2.150264391857408,10.99206868416058,degraded
469,97,ONT_SN_0469,-11.057724923817045,1.4909042069219636,16.36062891541739,online
470,60,ONT_SN_0470,-26.696507101365853,1.272697819696631,4.527762889114119,offline
471,43,ONT_SN_0471,-18.383640292423987,1.4002488648395193,8.612659411848549,degraded
472,76,ONT_SN_0472,-12.1143972552472,0.9539293887307283,8.273235839343384,online
473,100,ONT_SN_0473,-26.514846380072417,2.2787818322576885,8.67159282589053,online
474,68,ONT_SN_0474,-13.158747155856991,1.4012393134595158,11.31859861441649,offline
475,5,ONT_SN_0475,-21.559575683291115,2.2649188809122,8.614464604935103,degraded
476,37,ONT_SN_0476,-22.202295360051963,0.7113869598125482,8.220186101407503,offline
477,72,ONT_SN_0477,-10.405605046333857,2.476550542000263,8.694905041633312,online
478,92,ONT_SN_0478,-24.384536382478704,1.3865461748872365,10.758353710497435,online
479,31,ONT_SN_0479,-15.522509065191743,0.5956616407882109,9.805032543819044,degraded
480,9,ONT_SN_0480,-13.214066895822404,0.5760436964749098,15.418207158413926,online
481,51,ONT_SN_0481,-27.25869708497311,1.9924145149636772,1.176094306837899,degraded
482,29,ONT_SN_0482,-15.933061749620581,1.8180710684073615,15.049712165072322,offline
483,78,ONT_SN_0483,-10.872100461604116,2.104261116255175,15.237465643227516,degraded
484,40,ONT_SN_0484,-25.76404059889493,0.7107350679056119,5.342871981098006,degraded
485,41,ONT_SN_0485,-11.86801655166931,0.5711417340710967,8.492479603780557,online
486,86,ONT_SN_0486,-17.29402052721515,1.517158578895157,8.062131247112609,online
487,11,ONT_SN_0487,-16.901117526475467,1.275190462965539,4.167624068068106,degraded
488,23,ONT_SN_0488,-16.967004852419095,1.4238938733419115,7.323304193427801,online
489,1,ONT_SN_0489,-22.62095404592835,2.483176817740548,1.0856635674241235,online
490,46,ONT_SN_0490,-11.166367324609727,2.4414999153413404,5.217450688236699,online
491,21,ONT_SN_0491,-10.947691672641302,2.3846307793463857,14.75527450547771,degraded
492,90,ONT_SN_0492,-16.74451611614894,2.0676853535353477,5.336752741203286,online
493,36,ONT_SN_0493,-13.898390933050937,1.2096827205137808,14.78225803684398,degraded
494,54,ONT_SN_0494,-16.979356254139155,1.3242618605255432,9.709310523498427,online
495,87,ONT_SN_0495,-19.28082794366727,1.599232087437849,15.873569389292532,offline
496,57,ONT_SN_0496,-16.105237870613486,2.1610689128096796,10.473598110480149,online
497,1,ONT_SN_0497,-18.045973853344748,0.6374256650365355,0.8251275482458948,online
498,63,ONT_SN_0498,-17.24543447262526,1.3485937717697762,12.254937673583479,degraded
499,54,ONT_SN_0499,-13.891014038460485,0.6652353269185374,1.0939081540171651,degraded
500,55,ONT_SN_0500,-19.343731033918274,1.5293151731470231,8.275567236001471,online
